Tipo,Categoria,Subcategoria,Codigo,Concepto,Mes,Mes_Num,Monto
gasto,GASTOS DE MANO DE OBRA,,602-001,SUELDOS,Enero,1,151767
gasto,GASTOS DE MANO DE OBRA,,602-001,SUELDOS,Febrero,2,120736
gasto,GASTOS DE MANO DE OBRA,,602-001,SUELDOS,Marzo,3,88886
gasto,GASTOS DE MANO DE OBRA,,602-001,SUELDOS,Abril,4,77346
gasto,GASTOS DE MANO DE OBRA,,602-001,SUELDOS,Mayo,5,137931
gasto,GASTOS DE MANO DE OBRA,,602-001,SUELDOS,Junio,6,95918
gasto,GASTOS DE MANO DE OBRA,,602-001,SUELDOS,Julio,7,80565
gasto,GASTOS DE MANO DE OBRA,,602-001,SUELDOS,Agosto,8,115593
gasto,GASTOS DE MANO DE OBRA,,602-001,SUELDOS,Septiembre,9,95751
gasto,GASTOS DE MANO DE OBRA,,602-001,SUELDOS,Octubre,10,112041
gasto,GASTOS DE MANO DE OBRA,,602-001,SUELDOS,Noviembre,11,67863
gasto,GASTOS DE MANO DE OBRA,,602-001,SUELDOS,Diciembre,12,105102
gasto,GASTOS DE MANO DE OBRA,,602-002,PRIMA VAC,Enero,1,0
gasto,GASTOS DE MANO DE OBRA,,602-002,PRIMA VAC,Febrero,2,0
gasto,GASTOS DE MANO DE OBRA,,602-002,PRIMA VAC,Marzo,3,0
gasto,GASTOS DE MANO DE OBRA,,602-002,PRIMA VAC,Abril,4,0
gasto,GASTOS DE MANO DE OBRA,,602-002,PRIMA VAC,Mayo,5,0
gasto,GASTOS DE MANO DE OBRA,,602-002,PRIMA VAC,Junio,6,0
gasto,GASTOS DE MANO DE OBRA,,602-002,PRIMA VAC,Julio,7,0
gasto,GASTOS DE MANO DE OBRA,,602-002,PRIMA VAC,Agosto,8,0
gasto,GASTOS DE MANO DE OBRA,,602-002,PRIMA VAC,Septiembre,9,0
gasto,GASTOS DE MANO DE OBRA,,602-002,PRIMA VAC,Octubre,10,0
gasto,GASTOS DE MANO DE OBRA,,602-002,PRIMA VAC,Noviembre,11,0
gasto,GASTOS DE MANO DE OBRA,,602-002,PRIMA VAC,Diciembre,12,0
gasto,GASTOS DE MANO DE OBRA,,602-005,VALES,Enero,1,0
gasto,GASTOS DE MANO DE OBRA,,602-005,VALES,Febrero,2,0
gasto,GASTOS DE MANO DE OBRA,,602-005,VALES,Marzo,3,0
gasto,GASTOS DE MANO DE OBRA,,602-005,VALES,Abril,4,0
gasto,GASTOS DE MANO DE OBRA,,602-005,VALES,Mayo,5,0
gasto,GASTOS DE MANO DE OBRA,,602-005,VALES,Junio,6,0
gasto,GASTOS DE MANO DE OBRA,,602-005,VALES,Julio,7,0
gasto,GASTOS DE MANO DE OBRA,,602-005,VALES,Agosto,8,0
gasto,GASTOS DE MANO DE OBRA,,602-005,VALES,Septiembre,9,0
gasto,GASTOS DE MANO DE OBRA,,602-005,VALES,Octubre,10,0
gasto,GASTOS DE MANO DE OBRA,,602-005,VALES,Noviembre,11,0
gasto,GASTOS DE MANO DE OBRA,,602-005,VALES,Diciembre,12,0
gasto,GASTOS DE MANO DE OBRA,,602-006,AGUINALDO,Enero,1,0
gasto,GASTOS DE MANO DE OBRA,,602-006,AGUINALDO,Febrero,2,0
gasto,GASTOS DE MANO DE OBRA,,602-006,AGUINALDO,Marzo,3,0
gasto,GASTOS DE MANO DE OBRA,,602-006,AGUINALDO,Abril,4,0
gasto,GASTOS DE MANO DE OBRA,,602-006,AGUINALDO,Mayo,5,0
gasto,GASTOS DE MANO DE OBRA,,602-006,AGUINALDO,Junio,6,0
gasto,GASTOS DE MANO DE OBRA,,602-006,AGUINALDO,Julio,7,0
gasto,GASTOS DE MANO DE OBRA,,602-006,AGUINALDO,Agosto,8,0
gasto,GASTOS DE MANO DE OBRA,,602-006,AGUINALDO,Septiembre,9,0
gasto,GASTOS DE MANO DE OBRA,,602-006,AGUINALDO,Octubre,10,0
gasto,GASTOS DE MANO DE OBRA,,602-006,AGUINALDO,Noviembre,11,14156
gasto,GASTOS DE MANO DE OBRA,,602-006,AGUINALDO,Diciembre,12,46063
gasto,GASTOS DE MANO DE OBRA,,602-007,PTU,Enero,1,0
gasto,GASTOS DE MANO DE OBRA,,602-007,PTU,Febrero,2,0
gasto,GASTOS DE MANO DE OBRA,,602-007,PTU,Marzo,3,0
gasto,GASTOS DE MANO DE OBRA,,602-007,PTU,Abril,4,0
gasto,GASTOS DE MANO DE OBRA,,602-007,PTU,Mayo,5,0
gasto,GASTOS DE MANO DE OBRA,,602-007,PTU,Junio,6,0
gasto,GASTOS DE MANO DE OBRA,,602-007,PTU,Julio,7,0
gasto,GASTOS DE MANO DE OBRA,,602-007,PTU,Agosto,8,0
gasto,GASTOS DE MANO DE OBRA,,602-007,PTU,Septiembre,9,0
gasto,GASTOS DE MANO DE OBRA,,602-007,PTU,Octubre,10,0
gasto,GASTOS DE MANO DE OBRA,,602-007,PTU,Noviembre,11,0
gasto,GASTOS DE MANO DE OBRA,,602-007,PTU,Diciembre,12,0
gasto,GASTOS DE MANO DE OBRA,,602-010,IMSS,Enero,1,21354
gasto,GASTOS DE MANO DE OBRA,,602-010,IMSS,Febrero,2,25157
gasto,GASTOS DE MANO DE OBRA,,602-010,IMSS,Marzo,3,21578
gasto,GASTOS DE MANO DE OBRA,,602-010,IMSS,Abril,4,46727
gasto,GASTOS DE MANO DE OBRA,,602-010,IMSS,Mayo,5,20665
gasto,GASTOS DE MANO DE OBRA,,602-010,IMSS,Junio,6,47473
gasto,GASTOS DE MANO DE OBRA,,602-010,IMSS,Julio,7,20208
gasto,GASTOS DE MANO DE OBRA,,602-010,IMSS,Agosto,8,41693
gasto,GASTOS DE MANO DE OBRA,,602-010,IMSS,Septiembre,9,26358
gasto,GASTOS DE MANO DE OBRA,,602-010,IMSS,Octubre,10,81668
gasto,GASTOS DE MANO DE OBRA,,602-010,IMSS,Noviembre,11,20900
gasto,GASTOS DE MANO DE OBRA,,602-010,IMSS,Diciembre,12,21212
gasto,GASTOS DE MANO DE OBRA,,602-012,INFONAVIT,Enero,1,0
gasto,GASTOS DE MANO DE OBRA,,602-012,INFONAVIT,Febrero,2,0
gasto,GASTOS DE MANO DE OBRA,,602-012,INFONAVIT,Marzo,3,0
gasto,GASTOS DE MANO DE OBRA,,602-012,INFONAVIT,Abril,4,0
gasto,GASTOS DE MANO DE OBRA,,602-012,INFONAVIT,Mayo,5,0
gasto,GASTOS DE MANO DE OBRA,,602-012,INFONAVIT,Junio,6,69241
gasto,GASTOS DE MANO DE OBRA,,602-012,INFONAVIT,Julio,7,0
gasto,GASTOS DE MANO DE OBRA,,602-012,INFONAVIT,Agosto,8,0
gasto,GASTOS DE MANO DE OBRA,,602-012,INFONAVIT,Septiembre,9,0
gasto,GASTOS DE MANO DE OBRA,,602-012,INFONAVIT,Octubre,10,0
gasto,GASTOS DE MANO DE OBRA,,602-012,INFONAVIT,Noviembre,11,60203
gasto,GASTOS DE MANO DE OBRA,,602-012,INFONAVIT,Diciembre,12,0
gasto,GASTOS DE MANO DE OBRA,,602-013,ISN,Enero,1,7059
gasto,GASTOS DE MANO DE OBRA,,602-013,ISN,Febrero,2,5034
gasto,GASTOS DE MANO DE OBRA,,602-013,ISN,Marzo,3,0
gasto,GASTOS DE MANO DE OBRA,,602-013,ISN,Abril,4,9141
gasto,GASTOS DE MANO DE OBRA,,602-013,ISN,Mayo,5,0
gasto,GASTOS DE MANO DE OBRA,,602-013,ISN,Junio,6,8946
gasto,GASTOS DE MANO DE OBRA,,602-013,ISN,Julio,7,3982
gasto,GASTOS DE MANO DE OBRA,,602-013,ISN,Agosto,8,4964
gasto,GASTOS DE MANO DE OBRA,,602-013,ISN,Septiembre,9,4111
gasto,GASTOS DE MANO DE OBRA,,602-013,ISN,Octubre,10,4008
gasto,GASTOS DE MANO DE OBRA,,602-013,ISN,Noviembre,11,4926
gasto,GASTOS DE MANO DE OBRA,,602-013,ISN,Diciembre,12,0
gasto,GASTOS DE MANO DE OBRA,,602-014,SINDICATO,Enero,1,0
gasto,GASTOS DE MANO DE OBRA,,602-014,SINDICATO,Febrero,2,0
gasto,GASTOS DE MANO DE OBRA,,602-014,SINDICATO,Marzo,3,5568
gasto,GASTOS DE MANO DE OBRA,,602-014,SINDICATO,Abril,4,0
gasto,GASTOS DE MANO DE OBRA,,602-014,SINDICATO,Mayo,5,4989
gasto,GASTOS DE MANO DE OBRA,,602-014,SINDICATO,Junio,6,0
gasto,GASTOS DE MANO DE OBRA,,602-014,SINDICATO,Julio,7,0
gasto,GASTOS DE MANO DE OBRA,,602-014,SINDICATO,Agosto,8,5013
gasto,GASTOS DE MANO DE OBRA,,602-014,SINDICATO,Septiembre,9,0
gasto,GASTOS DE MANO DE OBRA,,602-014,SINDICATO,Octubre,10,0
gasto,GASTOS DE MANO DE OBRA,,602-014,SINDICATO,Noviembre,11,0
gasto,GASTOS DE MANO DE OBRA,,602-014,SINDICATO,Diciembre,12,5013
gasto,GASTOS DE MANO DE OBRA,,602-015,LIQUIDACIONES,Enero,1,0
gasto,GASTOS DE MANO DE OBRA,,602-015,LIQUIDACIONES,Febrero,2,0
gasto,GASTOS DE MANO DE OBRA,,602-015,LIQUIDACIONES,Marzo,3,8945
gasto,GASTOS DE MANO DE OBRA,,602-015,LIQUIDACIONES,Abril,4,0
gasto,GASTOS DE MANO DE OBRA,,602-015,LIQUIDACIONES,Mayo,5,0
gasto,GASTOS DE MANO DE OBRA,,602-015,LIQUIDACIONES,Junio,6,0
gasto,GASTOS DE MANO DE OBRA,,602-015,LIQUIDACIONES,Julio,7,0
gasto,GASTOS DE MANO DE OBRA,,602-015,LIQUIDACIONES,Agosto,8,0
gasto,GASTOS DE MANO DE OBRA,,602-015,LIQUIDACIONES,Septiembre,9,0
gasto,GASTOS DE MANO DE OBRA,,602-015,LIQUIDACIONES,Octubre,10,0
gasto,GASTOS DE MANO DE OBRA,,602-015,LIQUIDACIONES,Noviembre,11,0
gasto,GASTOS DE MANO DE OBRA,,602-015,LIQUIDACIONES,Diciembre,12,0
gasto,GASTOS DE MANO DE OBRA,,000-001,AHORRO,Enero,1,2633
gasto,GASTOS DE MANO DE OBRA,,000-001,AHORRO,Febrero,2,8634
gasto,GASTOS DE MANO DE OBRA,,000-001,AHORRO,Marzo,3,28428
gasto,GASTOS DE MANO DE OBRA,,000-001,AHORRO,Abril,4,20683
gasto,GASTOS DE MANO DE OBRA,,000-001,AHORRO,Mayo,5,11148
gasto,GASTOS DE MANO DE OBRA,,000-001,AHORRO,Junio,6,24631
gasto,GASTOS DE MANO DE OBRA,,000-001,AHORRO,Julio,7,19566
gasto,GASTOS DE MANO DE OBRA,,000-001,AHORRO,Agosto,8,11767
gasto,GASTOS DE MANO DE OBRA,,000-001,AHORRO,Septiembre,9,19049
gasto,GASTOS DE MANO DE OBRA,,000-001,AHORRO,Octubre,10,12181
gasto,GASTOS DE MANO DE OBRA,,000-001,AHORRO,Noviembre,11,49241
gasto,GASTOS DE MANO DE OBRA,,000-001,AHORRO,Diciembre,12,58490
gasto,GASTOS DE FABRICACION,,601-004,ELECTRICIDAD,Enero,1,22768
gasto,GASTOS DE FABRICACION,,601-004,ELECTRICIDAD,Febrero,2,20577
gasto,GASTOS DE FABRICACION,,601-004,ELECTRICIDAD,Marzo,3,18384
gasto,GASTOS DE FABRICACION,,601-004,ELECTRICIDAD,Abril,4,22067
gasto,GASTOS DE FABRICACION,,601-004,ELECTRICIDAD,Mayo,5,23885
gasto,GASTOS DE FABRICACION,,601-004,ELECTRICIDAD,Junio,6,23797
gasto,GASTOS DE FABRICACION,,601-004,ELECTRICIDAD,Julio,7,29426
gasto,GASTOS DE FABRICACION,,601-004,ELECTRICIDAD,Agosto,8,28363
gasto,GASTOS DE FABRICACION,,601-004,ELECTRICIDAD,Septiembre,9,28303
gasto,GASTOS DE FABRICACION,,601-004,ELECTRICIDAD,Octubre,10,22946
gasto,GASTOS DE FABRICACION,,601-004,ELECTRICIDAD,Noviembre,11,26298
gasto,GASTOS DE FABRICACION,,601-004,ELECTRICIDAD,Diciembre,12,21522
gasto,GASTOS DE FABRICACION,,501-600,COMBUST FAB,Enero,1,29997
gasto,GASTOS DE FABRICACION,,501-600,COMBUST FAB,Febrero,2,9999
gasto,GASTOS DE FABRICACION,,501-600,COMBUST FAB,Marzo,3,39996
gasto,GASTOS DE FABRICACION,,501-600,COMBUST FAB,Abril,4,29997
gasto,GASTOS DE FABRICACION,,501-600,COMBUST FAB,Mayo,5,49996
gasto,GASTOS DE FABRICACION,,501-600,COMBUST FAB,Junio,6,29997
gasto,GASTOS DE FABRICACION,,501-600,COMBUST FAB,Julio,7,49995
gasto,GASTOS DE FABRICACION,,501-600,COMBUST FAB,Agosto,8,39996
gasto,GASTOS DE FABRICACION,,501-600,COMBUST FAB,Septiembre,9,29899
gasto,GASTOS DE FABRICACION,,501-600,COMBUST FAB,Octubre,10,19999
gasto,GASTOS DE FABRICACION,,501-600,COMBUST FAB,Noviembre,11,29997
gasto,GASTOS DE FABRICACION,,501-600,COMBUST FAB,Diciembre,12,19998
gasto,GASTOS DE FABRICACION,,601-011,AGUA,Enero,1,0
gasto,GASTOS DE FABRICACION,,601-011,AGUA,Febrero,2,0
gasto,GASTOS DE FABRICACION,,601-011,AGUA,Marzo,3,4203
gasto,GASTOS DE FABRICACION,,601-011,AGUA,Abril,4,0
gasto,GASTOS DE FABRICACION,,601-011,AGUA,Mayo,5,0
gasto,GASTOS DE FABRICACION,,601-011,AGUA,Junio,6,0
gasto,GASTOS DE FABRICACION,,601-011,AGUA,Julio,7,0
gasto,GASTOS DE FABRICACION,,601-011,AGUA,Agosto,8,0
gasto,GASTOS DE FABRICACION,,601-011,AGUA,Septiembre,9,0
gasto,GASTOS DE FABRICACION,,601-011,AGUA,Octubre,10,2500
gasto,GASTOS DE FABRICACION,,601-011,AGUA,Noviembre,11,0
gasto,GASTOS DE FABRICACION,,601-011,AGUA,Diciembre,12,0
gasto,GASTOS DE FABRICACION,,601-031,CRM MAQUINARIA,Enero,1,0
gasto,GASTOS DE FABRICACION,,601-031,CRM MAQUINARIA,Febrero,2,0
gasto,GASTOS DE FABRICACION,,601-031,CRM MAQUINARIA,Marzo,3,3238
gasto,GASTOS DE FABRICACION,,601-031,CRM MAQUINARIA,Abril,4,0
gasto,GASTOS DE FABRICACION,,601-031,CRM MAQUINARIA,Mayo,5,0
gasto,GASTOS DE FABRICACION,,601-031,CRM MAQUINARIA,Junio,6,6957
gasto,GASTOS DE FABRICACION,,601-031,CRM MAQUINARIA,Julio,7,0
gasto,GASTOS DE FABRICACION,,601-031,CRM MAQUINARIA,Agosto,8,0
gasto,GASTOS DE FABRICACION,,601-031,CRM MAQUINARIA,Septiembre,9,0
gasto,GASTOS DE FABRICACION,,601-031,CRM MAQUINARIA,Octubre,10,0
gasto,GASTOS DE FABRICACION,,601-031,CRM MAQUINARIA,Noviembre,11,0
gasto,GASTOS DE FABRICACION,,601-031,CRM MAQUINARIA,Diciembre,12,0
gasto,GASTOS DE FABRICACION,,501-301,MOLDES,Enero,1,0
gasto,GASTOS DE FABRICACION,,501-301,MOLDES,Febrero,2,0
gasto,GASTOS DE FABRICACION,,501-301,MOLDES,Marzo,3,0
gasto,GASTOS DE FABRICACION,,501-301,MOLDES,Abril,4,0
gasto,GASTOS DE FABRICACION,,501-301,MOLDES,Mayo,5,0
gasto,GASTOS DE FABRICACION,,501-301,MOLDES,Junio,6,0
gasto,GASTOS DE FABRICACION,,501-301,MOLDES,Julio,7,0
gasto,GASTOS DE FABRICACION,,501-301,MOLDES,Agosto,8,0
gasto,GASTOS DE FABRICACION,,501-301,MOLDES,Septiembre,9,0
gasto,GASTOS DE FABRICACION,,501-301,MOLDES,Octubre,10,0
gasto,GASTOS DE FABRICACION,,501-301,MOLDES,Noviembre,11,0
gasto,GASTOS DE FABRICACION,,501-301,MOLDES,Diciembre,12,0
gasto,GASTOS DE FABRICACION,,601-035,CRM VEHICULOS,Enero,1,5000
gasto,GASTOS DE FABRICACION,,601-035,CRM VEHICULOS,Febrero,2,0
gasto,GASTOS DE FABRICACION,,601-035,CRM VEHICULOS,Marzo,3,0
gasto,GASTOS DE FABRICACION,,601-035,CRM VEHICULOS,Abril,4,0
gasto,GASTOS DE FABRICACION,,601-035,CRM VEHICULOS,Mayo,5,0
gasto,GASTOS DE FABRICACION,,601-035,CRM VEHICULOS,Junio,6,0
gasto,GASTOS DE FABRICACION,,601-035,CRM VEHICULOS,Julio,7,0
gasto,GASTOS DE FABRICACION,,601-035,CRM VEHICULOS,Agosto,8,0
gasto,GASTOS DE FABRICACION,,601-035,CRM VEHICULOS,Septiembre,9,0
gasto,GASTOS DE FABRICACION,,601-035,CRM VEHICULOS,Octubre,10,0
gasto,GASTOS DE FABRICACION,,601-035,CRM VEHICULOS,Noviembre,11,0
gasto,GASTOS DE FABRICACION,,601-035,CRM VEHICULOS,Diciembre,12,1704
gasto,GASTOS DE FABRICACION,,501-400,FLETES,Enero,1,0
gasto,GASTOS DE FABRICACION,,501-400,FLETES,Febrero,2,882
gasto,GASTOS DE FABRICACION,,501-400,FLETES,Marzo,3,504
gasto,GASTOS DE FABRICACION,,501-400,FLETES,Abril,4,0
gasto,GASTOS DE FABRICACION,,501-400,FLETES,Mayo,5,0
gasto,GASTOS DE FABRICACION,,501-400,FLETES,Junio,6,0
gasto,GASTOS DE FABRICACION,,501-400,FLETES,Julio,7,0
gasto,GASTOS DE FABRICACION,,501-400,FLETES,Agosto,8,0
gasto,GASTOS DE FABRICACION,,501-400,FLETES,Septiembre,9,0
gasto,GASTOS DE FABRICACION,,501-400,FLETES,Octubre,10,0
gasto,GASTOS DE FABRICACION,,501-400,FLETES,Noviembre,11,0
gasto,GASTOS DE FABRICACION,,501-400,FLETES,Diciembre,12,0
gasto,GASTOS DE FABRICACION,,601-009,RECOL BASURA,Enero,1,0
gasto,GASTOS DE FABRICACION,,601-009,RECOL BASURA,Febrero,2,0
gasto,GASTOS DE FABRICACION,,601-009,RECOL BASURA,Marzo,3,5041
gasto,GASTOS DE FABRICACION,,601-009,RECOL BASURA,Abril,4,5452
gasto,GASTOS DE FABRICACION,,601-009,RECOL BASURA,Mayo,5,0
gasto,GASTOS DE FABRICACION,,601-009,RECOL BASURA,Junio,6,8178
gasto,GASTOS DE FABRICACION,,601-009,RECOL BASURA,Julio,7,0
gasto,GASTOS DE FABRICACION,,601-009,RECOL BASURA,Agosto,8,0
gasto,GASTOS DE FABRICACION,,601-009,RECOL BASURA,Septiembre,9,0
gasto,GASTOS DE FABRICACION,,601-009,RECOL BASURA,Octubre,10,0
gasto,GASTOS DE FABRICACION,,601-009,RECOL BASURA,Noviembre,11,5452
gasto,GASTOS DE FABRICACION,,601-009,RECOL BASURA,Diciembre,12,2726
gasto,GASTOS DE FABRICACION,,601-032,GIF,Enero,1,3829
gasto,GASTOS DE FABRICACION,,601-032,GIF,Febrero,2,8984
gasto,GASTOS DE FABRICACION,,601-032,GIF,Marzo,3,11245
gasto,GASTOS DE FABRICACION,,601-032,GIF,Abril,4,0
gasto,GASTOS DE FABRICACION,,601-032,GIF,Mayo,5,6316
gasto,GASTOS DE FABRICACION,,601-032,GIF,Junio,6,16578
gasto,GASTOS DE FABRICACION,,601-032,GIF,Julio,7,0
gasto,GASTOS DE FABRICACION,,601-032,GIF,Agosto,8,16604
gasto,GASTOS DE FABRICACION,,601-032,GIF,Septiembre,9,11375
gasto,GASTOS DE FABRICACION,,601-032,GIF,Octubre,10,19730
gasto,GASTOS DE FABRICACION,,601-032,GIF,Noviembre,11,8675
gasto,GASTOS DE FABRICACION,,601-032,GIF,Diciembre,12,2798
gasto,GASTOS DE ADMINISTRACION,GASTOS GENERALES,601-002,UNIFORMES,Enero,1,0
gasto,GASTOS DE ADMINISTRACION,GASTOS GENERALES,601-002,UNIFORMES,Febrero,2,0
gasto,GASTOS DE ADMINISTRACION,GASTOS GENERALES,601-002,UNIFORMES,Marzo,3,0
gasto,GASTOS DE ADMINISTRACION,GASTOS GENERALES,601-002,UNIFORMES,Abril,4,0
gasto,GASTOS DE ADMINISTRACION,GASTOS GENERALES,601-002,UNIFORMES,Mayo,5,1622
gasto,GASTOS DE ADMINISTRACION,GASTOS GENERALES,601-002,UNIFORMES,Junio,6,0
gasto,GASTOS DE ADMINISTRACION,GASTOS GENERALES,601-002,UNIFORMES,Julio,7,0
gasto,GASTOS DE ADMINISTRACION,GASTOS GENERALES,601-002,UNIFORMES,Agosto,8,0
gasto,GASTOS DE ADMINISTRACION,GASTOS GENERALES,601-002,UNIFORMES,Septiembre,9,0
gasto,GASTOS DE ADMINISTRACION,GASTOS GENERALES,601-002,UNIFORMES,Octubre,10,0
gasto,GASTOS DE ADMINISTRACION,GASTOS GENERALES,601-002,UNIFORMES,Noviembre,11,0
gasto,GASTOS DE ADMINISTRACION,GASTOS GENERALES,601-002,UNIFORMES,Diciembre,12,0
gasto,GASTOS DE ADMINISTRACION,GASTOS GENERALES,601-003,TEL INET,Enero,1,2476
gasto,GASTOS DE ADMINISTRACION,GASTOS GENERALES,601-003,TEL INET,Febrero,2,2476
gasto,GASTOS DE ADMINISTRACION,GASTOS GENERALES,601-003,TEL INET,Marzo,3,2476
gasto,GASTOS DE ADMINISTRACION,GASTOS GENERALES,601-003,TEL INET,Abril,4,2536
gasto,GASTOS DE ADMINISTRACION,GASTOS GENERALES,601-003,TEL INET,Mayo,5,2558
gasto,GASTOS DE ADMINISTRACION,GASTOS GENERALES,601-003,TEL INET,Junio,6,2618
gasto,GASTOS DE ADMINISTRACION,GASTOS GENERALES,601-003,TEL INET,Julio,7,1270
gasto,GASTOS DE ADMINISTRACION,GASTOS GENERALES,601-003,TEL INET,Agosto,8,3966
gasto,GASTOS DE ADMINISTRACION,GASTOS GENERALES,601-003,TEL INET,Septiembre,9,2618
gasto,GASTOS DE ADMINISTRACION,GASTOS GENERALES,601-003,TEL INET,Octubre,10,2618
gasto,GASTOS DE ADMINISTRACION,GASTOS GENERALES,601-003,TEL INET,Noviembre,11,2618
gasto,GASTOS DE ADMINISTRACION,GASTOS GENERALES,601-003,TEL INET,Diciembre,12,1348
gasto,GASTOS DE ADMINISTRACION,GASTOS GENERALES,601-006,CELULAR,Enero,1,1569
gasto,GASTOS DE ADMINISTRACION,GASTOS GENERALES,601-006,CELULAR,Febrero,2,2687
gasto,GASTOS DE ADMINISTRACION,GASTOS GENERALES,601-006,CELULAR,Marzo,3,898
gasto,GASTOS DE ADMINISTRACION,GASTOS GENERALES,601-006,CELULAR,Abril,4,1377
gasto,GASTOS DE ADMINISTRACION,GASTOS GENERALES,601-006,CELULAR,Mayo,5,1397
gasto,GASTOS DE ADMINISTRACION,GASTOS GENERALES,601-006,CELULAR,Junio,6,1197
gasto,GASTOS DE ADMINISTRACION,GASTOS GENERALES,601-006,CELULAR,Julio,7,1201
gasto,GASTOS DE ADMINISTRACION,GASTOS GENERALES,601-006,CELULAR,Agosto,8,1197
gasto,GASTOS DE ADMINISTRACION,GASTOS GENERALES,601-006,CELULAR,Septiembre,9,1205
gasto,GASTOS DE ADMINISTRACION,GASTOS GENERALES,601-006,CELULAR,Octubre,10,860
gasto,GASTOS DE ADMINISTRACION,GASTOS GENERALES,601-006,CELULAR,Noviembre,11,2242
gasto,GASTOS DE ADMINISTRACION,GASTOS GENERALES,601-006,CELULAR,Diciembre,12,1197
gasto,GASTOS DE ADMINISTRACION,GASTOS GENERALES,601-005,HONORARIOS,Enero,1,9744
gasto,GASTOS DE ADMINISTRACION,GASTOS GENERALES,601-005,HONORARIOS,Febrero,2,0
gasto,GASTOS DE ADMINISTRACION,GASTOS GENERALES,601-005,HONORARIOS,Marzo,3,9744
gasto,GASTOS DE ADMINISTRACION,GASTOS GENERALES,601-005,HONORARIOS,Abril,4,9744
gasto,GASTOS DE ADMINISTRACION,GASTOS GENERALES,601-005,HONORARIOS,Mayo,5,0
gasto,GASTOS DE ADMINISTRACION,GASTOS GENERALES,601-005,HONORARIOS,Junio,6,9744
gasto,GASTOS DE ADMINISTRACION,GASTOS GENERALES,601-005,HONORARIOS,Julio,7,0
gasto,GASTOS DE ADMINISTRACION,GASTOS GENERALES,601-005,HONORARIOS,Agosto,8,0
gasto,GASTOS DE ADMINISTRACION,GASTOS GENERALES,601-005,HONORARIOS,Septiembre,9,0
gasto,GASTOS DE ADMINISTRACION,GASTOS GENERALES,601-005,HONORARIOS,Octubre,10,9744
gasto,GASTOS DE ADMINISTRACION,GASTOS GENERALES,601-005,HONORARIOS,Noviembre,11,9744
gasto,GASTOS DE ADMINISTRACION,GASTOS GENERALES,601-005,HONORARIOS,Diciembre,12,9744
gasto,GASTOS DE ADMINISTRACION,GASTOS GENERALES,601-007,ART LIMPIEZA,Enero,1,0
gasto,GASTOS DE ADMINISTRACION,GASTOS GENERALES,601-007,ART LIMPIEZA,Febrero,2,0
gasto,GASTOS DE ADMINISTRACION,GASTOS GENERALES,601-007,ART LIMPIEZA,Marzo,3,0
gasto,GASTOS DE ADMINISTRACION,GASTOS GENERALES,601-007,ART LIMPIEZA,Abril,4,0
gasto,GASTOS DE ADMINISTRACION,GASTOS GENERALES,601-007,ART LIMPIEZA,Mayo,5,0
gasto,GASTOS DE ADMINISTRACION,GASTOS GENERALES,601-007,ART LIMPIEZA,Junio,6,8130
gasto,GASTOS DE ADMINISTRACION,GASTOS GENERALES,601-007,ART LIMPIEZA,Julio,7,0
gasto,GASTOS DE ADMINISTRACION,GASTOS GENERALES,601-007,ART LIMPIEZA,Agosto,8,0
gasto,GASTOS DE ADMINISTRACION,GASTOS GENERALES,601-007,ART LIMPIEZA,Septiembre,9,3057
gasto,GASTOS DE ADMINISTRACION,GASTOS GENERALES,601-007,ART LIMPIEZA,Octubre,10,0
gasto,GASTOS DE ADMINISTRACION,GASTOS GENERALES,601-007,ART LIMPIEZA,Noviembre,11,0
gasto,GASTOS DE ADMINISTRACION,GASTOS GENERALES,601-007,ART LIMPIEZA,Diciembre,12,0
gasto,GASTOS DE ADMINISTRACION,GASTOS GENERALES,601-008,COMBUST VEH,Enero,1,5600
gasto,GASTOS DE ADMINISTRACION,GASTOS GENERALES,601-008,COMBUST VEH,Febrero,2,7300
gasto,GASTOS DE ADMINISTRACION,GASTOS GENERALES,601-008,COMBUST VEH,Marzo,3,5300
gasto,GASTOS DE ADMINISTRACION,GASTOS GENERALES,601-008,COMBUST VEH,Abril,4,8400
gasto,GASTOS DE ADMINISTRACION,GASTOS GENERALES,601-008,COMBUST VEH,Mayo,5,5300
gasto,GASTOS DE ADMINISTRACION,GASTOS GENERALES,601-008,COMBUST VEH,Junio,6,18902
gasto,GASTOS DE ADMINISTRACION,GASTOS GENERALES,601-008,COMBUST VEH,Julio,7,4312
gasto,GASTOS DE ADMINISTRACION,GASTOS GENERALES,601-008,COMBUST VEH,Agosto,8,4500
gasto,GASTOS DE ADMINISTRACION,GASTOS GENERALES,601-008,COMBUST VEH,Septiembre,9,7500
gasto,GASTOS DE ADMINISTRACION,GASTOS GENERALES,601-008,COMBUST VEH,Octubre,10,17400
gasto,GASTOS DE ADMINISTRACION,GASTOS GENERALES,601-008,COMBUST VEH,Noviembre,11,10250
gasto,GASTOS DE ADMINISTRACION,GASTOS GENERALES,601-008,COMBUST VEH,Diciembre,12,16999
gasto,GASTOS DE ADMINISTRACION,GASTOS GENERALES,601-014,DESPENSA,Enero,1,0
gasto,GASTOS DE ADMINISTRACION,GASTOS GENERALES,601-014,DESPENSA,Febrero,2,1060
gasto,GASTOS DE ADMINISTRACION,GASTOS GENERALES,601-014,DESPENSA,Marzo,3,1339
gasto,GASTOS DE ADMINISTRACION,GASTOS GENERALES,601-014,DESPENSA,Abril,4,0
gasto,GASTOS DE ADMINISTRACION,GASTOS GENERALES,601-014,DESPENSA,Mayo,5,0
gasto,GASTOS DE ADMINISTRACION,GASTOS GENERALES,601-014,DESPENSA,Junio,6,0
gasto,GASTOS DE ADMINISTRACION,GASTOS GENERALES,601-014,DESPENSA,Julio,7,0
gasto,GASTOS DE ADMINISTRACION,GASTOS GENERALES,601-014,DESPENSA,Agosto,8,0
gasto,GASTOS DE ADMINISTRACION,GASTOS GENERALES,601-014,DESPENSA,Septiembre,9,0
gasto,GASTOS DE ADMINISTRACION,GASTOS GENERALES,601-014,DESPENSA,Octubre,10,0
gasto,GASTOS DE ADMINISTRACION,GASTOS GENERALES,601-014,DESPENSA,Noviembre,11,0
gasto,GASTOS DE ADMINISTRACION,GASTOS GENERALES,601-014,DESPENSA,Diciembre,12,7200
gasto,GASTOS DE ADMINISTRACION,GASTOS GENERALES,601-015,IMP ESTATALES,Enero,1,4929
gasto,GASTOS DE ADMINISTRACION,GASTOS GENERALES,601-015,IMP ESTATALES,Febrero,2,329
gasto,GASTOS DE ADMINISTRACION,GASTOS GENERALES,601-015,IMP ESTATALES,Marzo,3,0
gasto,GASTOS DE ADMINISTRACION,GASTOS GENERALES,601-015,IMP ESTATALES,Abril,4,0
gasto,GASTOS DE ADMINISTRACION,GASTOS GENERALES,601-015,IMP ESTATALES,Mayo,5,0
gasto,GASTOS DE ADMINISTRACION,GASTOS GENERALES,601-015,IMP ESTATALES,Junio,6,0
gasto,GASTOS DE ADMINISTRACION,GASTOS GENERALES,601-015,IMP ESTATALES,Julio,7,0
gasto,GASTOS DE ADMINISTRACION,GASTOS GENERALES,601-015,IMP ESTATALES,Agosto,8,0
gasto,GASTOS DE ADMINISTRACION,GASTOS GENERALES,601-015,IMP ESTATALES,Septiembre,9,0
gasto,GASTOS DE ADMINISTRACION,GASTOS GENERALES,601-015,IMP ESTATALES,Octubre,10,0
gasto,GASTOS DE ADMINISTRACION,GASTOS GENERALES,601-015,IMP ESTATALES,Noviembre,11,0
gasto,GASTOS DE ADMINISTRACION,GASTOS GENERALES,601-015,IMP ESTATALES,Diciembre,12,0
gasto,GASTOS DE ADMINISTRACION,GASTOS GENERALES,601-010,IMP FEDERALES,Enero,1,12064
gasto,GASTOS DE ADMINISTRACION,GASTOS GENERALES,601-010,IMP FEDERALES,Febrero,2,24857
gasto,GASTOS DE ADMINISTRACION,GASTOS GENERALES,601-010,IMP FEDERALES,Marzo,3,31908
gasto,GASTOS DE ADMINISTRACION,GASTOS GENERALES,601-010,IMP FEDERALES,Abril,4,26998
gasto,GASTOS DE ADMINISTRACION,GASTOS GENERALES,601-010,IMP FEDERALES,Mayo,5,31804
gasto,GASTOS DE ADMINISTRACION,GASTOS GENERALES,601-010,IMP FEDERALES,Junio,6,3290
gasto,GASTOS DE ADMINISTRACION,GASTOS GENERALES,601-010,IMP FEDERALES,Julio,7,76
gasto,GASTOS DE ADMINISTRACION,GASTOS GENERALES,601-010,IMP FEDERALES,Agosto,8,63499
gasto,GASTOS DE ADMINISTRACION,GASTOS GENERALES,601-010,IMP FEDERALES,Septiembre,9,33070
gasto,GASTOS DE ADMINISTRACION,GASTOS GENERALES,601-010,IMP FEDERALES,Octubre,10,38622
gasto,GASTOS DE ADMINISTRACION,GASTOS GENERALES,601-010,IMP FEDERALES,Noviembre,11,971
gasto,GASTOS DE ADMINISTRACION,GASTOS GENERALES,601-010,IMP FEDERALES,Diciembre,12,41013
gasto,GASTOS DE ADMINISTRACION,GASTOS GENERALES,501-300,SOFTWARE,Enero,1,908
gasto,GASTOS DE ADMINISTRACION,GASTOS GENERALES,501-300,SOFTWARE,Febrero,2,548
gasto,GASTOS DE ADMINISTRACION,GASTOS GENERALES,501-300,SOFTWARE,Marzo,3,548
gasto,GASTOS DE ADMINISTRACION,GASTOS GENERALES,501-300,SOFTWARE,Abril,4,7564
gasto,GASTOS DE ADMINISTRACION,GASTOS GENERALES,501-300,SOFTWARE,Mayo,5,80
gasto,GASTOS DE ADMINISTRACION,GASTOS GENERALES,501-300,SOFTWARE,Junio,6,80
gasto,GASTOS DE ADMINISTRACION,GASTOS GENERALES,501-300,SOFTWARE,Julio,7,80
gasto,GASTOS DE ADMINISTRACION,GASTOS GENERALES,501-300,SOFTWARE,Agosto,8,80
gasto,GASTOS DE ADMINISTRACION,GASTOS GENERALES,501-300,SOFTWARE,Septiembre,9,80
gasto,GASTOS DE ADMINISTRACION,GASTOS GENERALES,501-300,SOFTWARE,Octubre,10,1730
gasto,GASTOS DE ADMINISTRACION,GASTOS GENERALES,501-300,SOFTWARE,Noviembre,11,80
gasto,GASTOS DE ADMINISTRACION,GASTOS GENERALES,501-300,SOFTWARE,Diciembre,12,1350
gasto,GASTOS DE ADMINISTRACION,GASTOS GENERALES,501-302,PUBLICIDAD,Enero,1,0
gasto,GASTOS DE ADMINISTRACION,GASTOS GENERALES,501-302,PUBLICIDAD,Febrero,2,0
gasto,GASTOS DE ADMINISTRACION,GASTOS GENERALES,501-302,PUBLICIDAD,Marzo,3,0
gasto,GASTOS DE ADMINISTRACION,GASTOS GENERALES,501-302,PUBLICIDAD,Abril,4,0
gasto,GASTOS DE ADMINISTRACION,GASTOS GENERALES,501-302,PUBLICIDAD,Mayo,5,0
gasto,GASTOS DE ADMINISTRACION,GASTOS GENERALES,501-302,PUBLICIDAD,Junio,6,0
gasto,GASTOS DE ADMINISTRACION,GASTOS GENERALES,501-302,PUBLICIDAD,Julio,7,0
gasto,GASTOS DE ADMINISTRACION,GASTOS GENERALES,501-302,PUBLICIDAD,Agosto,8,0
gasto,GASTOS DE ADMINISTRACION,GASTOS GENERALES,501-302,PUBLICIDAD,Septiembre,9,0
gasto,GASTOS DE ADMINISTRACION,GASTOS GENERALES,501-302,PUBLICIDAD,Octubre,10,0
gasto,GASTOS DE ADMINISTRACION,GASTOS GENERALES,501-302,PUBLICIDAD,Noviembre,11,0
gasto,GASTOS DE ADMINISTRACION,GASTOS GENERALES,501-302,PUBLICIDAD,Diciembre,12,0
gasto,GASTOS DE ADMINISTRACION,GASTOS GENERALES,601-030,CRM OFICINA,Enero,1,0
gasto,GASTOS DE ADMINISTRACION,GASTOS GENERALES,601-030,CRM OFICINA,Febrero,2,2499
gasto,GASTOS DE ADMINISTRACION,GASTOS GENERALES,601-030,CRM OFICINA,Marzo,3,925
gasto,GASTOS DE ADMINISTRACION,GASTOS GENERALES,601-030,CRM OFICINA,Abril,4,0
gasto,GASTOS DE ADMINISTRACION,GASTOS GENERALES,601-030,CRM OFICINA,Mayo,5,0
gasto,GASTOS DE ADMINISTRACION,GASTOS GENERALES,601-030,CRM OFICINA,Junio,6,1736
gasto,GASTOS DE ADMINISTRACION,GASTOS GENERALES,601-030,CRM OFICINA,Julio,7,0
gasto,GASTOS DE ADMINISTRACION,GASTOS GENERALES,601-030,CRM OFICINA,Agosto,8,0
gasto,GASTOS DE ADMINISTRACION,GASTOS GENERALES,601-030,CRM OFICINA,Septiembre,9,0
gasto,GASTOS DE ADMINISTRACION,GASTOS GENERALES,601-030,CRM OFICINA,Octubre,10,0
gasto,GASTOS DE ADMINISTRACION,GASTOS GENERALES,601-030,CRM OFICINA,Noviembre,11,0
gasto,GASTOS DE ADMINISTRACION,GASTOS GENERALES,601-030,CRM OFICINA,Diciembre,12,0
gasto,GASTOS DE ADMINISTRACION,GASTOS GENERALES,601-033,PAPELERIA,Enero,1,0
gasto,GASTOS DE ADMINISTRACION,GASTOS GENERALES,601-033,PAPELERIA,Febrero,2,0
gasto,GASTOS DE ADMINISTRACION,GASTOS GENERALES,601-033,PAPELERIA,Marzo,3,0
gasto,GASTOS DE ADMINISTRACION,GASTOS GENERALES,601-033,PAPELERIA,Abril,4,0
gasto,GASTOS DE ADMINISTRACION,GASTOS GENERALES,601-033,PAPELERIA,Mayo,5,0
gasto,GASTOS DE ADMINISTRACION,GASTOS GENERALES,601-033,PAPELERIA,Junio,6,0
gasto,GASTOS DE ADMINISTRACION,GASTOS GENERALES,601-033,PAPELERIA,Julio,7,0
gasto,GASTOS DE ADMINISTRACION,GASTOS GENERALES,601-033,PAPELERIA,Agosto,8,0
gasto,GASTOS DE ADMINISTRACION,GASTOS GENERALES,601-033,PAPELERIA,Septiembre,9,0
gasto,GASTOS DE ADMINISTRACION,GASTOS GENERALES,601-033,PAPELERIA,Octubre,10,0
gasto,GASTOS DE ADMINISTRACION,GASTOS GENERALES,601-033,PAPELERIA,Noviembre,11,5723
gasto,GASTOS DE ADMINISTRACION,GASTOS GENERALES,601-033,PAPELERIA,Diciembre,12,2436
gasto,GASTOS DE ADMINISTRACION,GASTOS GENERALES,601-034,CRM COMPUTO,Enero,1,0
gasto,GASTOS DE ADMINISTRACION,GASTOS GENERALES,601-034,CRM COMPUTO,Febrero,2,0
gasto,GASTOS DE ADMINISTRACION,GASTOS GENERALES,601-034,CRM COMPUTO,Marzo,3,0
gasto,GASTOS DE ADMINISTRACION,GASTOS GENERALES,601-034,CRM COMPUTO,Abril,4,0
gasto,GASTOS DE ADMINISTRACION,GASTOS GENERALES,601-034,CRM COMPUTO,Mayo,5,0
gasto,GASTOS DE ADMINISTRACION,GASTOS GENERALES,601-034,CRM COMPUTO,Junio,6,0
gasto,GASTOS DE ADMINISTRACION,GASTOS GENERALES,601-034,CRM COMPUTO,Julio,7,0
gasto,GASTOS DE ADMINISTRACION,GASTOS GENERALES,601-034,CRM COMPUTO,Agosto,8,0
gasto,GASTOS DE ADMINISTRACION,GASTOS GENERALES,601-034,CRM COMPUTO,Septiembre,9,0
gasto,GASTOS DE ADMINISTRACION,GASTOS GENERALES,601-034,CRM COMPUTO,Octubre,10,0
gasto,GASTOS DE ADMINISTRACION,GASTOS GENERALES,601-034,CRM COMPUTO,Noviembre,11,0
gasto,GASTOS DE ADMINISTRACION,GASTOS GENERALES,601-034,CRM COMPUTO,Diciembre,12,0
gasto,GASTOS DE ADMINISTRACION,GASTOS GENERALES,601-036,MEMBRESIAS,Enero,1,0
gasto,GASTOS DE ADMINISTRACION,GASTOS GENERALES,601-036,MEMBRESIAS,Febrero,2,1595
gasto,GASTOS DE ADMINISTRACION,GASTOS GENERALES,601-036,MEMBRESIAS,Marzo,3,0
gasto,GASTOS DE ADMINISTRACION,GASTOS GENERALES,601-036,MEMBRESIAS,Abril,4,0
gasto,GASTOS DE ADMINISTRACION,GASTOS GENERALES,601-036,MEMBRESIAS,Mayo,5,0
gasto,GASTOS DE ADMINISTRACION,GASTOS GENERALES,601-036,MEMBRESIAS,Junio,6,0
gasto,GASTOS DE ADMINISTRACION,GASTOS GENERALES,601-036,MEMBRESIAS,Julio,7,0
gasto,GASTOS DE ADMINISTRACION,GASTOS GENERALES,601-036,MEMBRESIAS,Agosto,8,0
gasto,GASTOS DE ADMINISTRACION,GASTOS GENERALES,601-036,MEMBRESIAS,Septiembre,9,0
gasto,GASTOS DE ADMINISTRACION,GASTOS GENERALES,601-036,MEMBRESIAS,Octubre,10,0
gasto,GASTOS DE ADMINISTRACION,GASTOS GENERALES,601-036,MEMBRESIAS,Noviembre,11,0
gasto,GASTOS DE ADMINISTRACION,GASTOS GENERALES,601-036,MEMBRESIAS,Diciembre,12,0
gasto,GASTOS DE ADMINISTRACION,GASTOS GENERALES,601-039,SEGUROS,Enero,1,38638
gasto,GASTOS DE ADMINISTRACION,GASTOS GENERALES,601-039,SEGUROS,Febrero,2,744
gasto,GASTOS DE ADMINISTRACION,GASTOS GENERALES,601-039,SEGUROS,Marzo,3,11451
gasto,GASTOS DE ADMINISTRACION,GASTOS GENERALES,601-039,SEGUROS,Abril,4,11919
gasto,GASTOS DE ADMINISTRACION,GASTOS GENERALES,601-039,SEGUROS,Mayo,5,11919
gasto,GASTOS DE ADMINISTRACION,GASTOS GENERALES,601-039,SEGUROS,Junio,6,11919
gasto,GASTOS DE ADMINISTRACION,GASTOS GENERALES,601-039,SEGUROS,Julio,7,28060
gasto,GASTOS DE ADMINISTRACION,GASTOS GENERALES,601-039,SEGUROS,Agosto,8,11919
gasto,GASTOS DE ADMINISTRACION,GASTOS GENERALES,601-039,SEGUROS,Septiembre,9,762
gasto,GASTOS DE ADMINISTRACION,GASTOS GENERALES,601-039,SEGUROS,Octubre,10,23077
gasto,GASTOS DE ADMINISTRACION,GASTOS GENERALES,601-039,SEGUROS,Noviembre,11,21816
gasto,GASTOS DE ADMINISTRACION,GASTOS GENERALES,601-039,SEGUROS,Diciembre,12,23077
gasto,GASTOS DE ADMINISTRACION,GASTOS GENERALES,601-046,CAPACITACION,Enero,1,0
gasto,GASTOS DE ADMINISTRACION,GASTOS GENERALES,601-046,CAPACITACION,Febrero,2,0
gasto,GASTOS DE ADMINISTRACION,GASTOS GENERALES,601-046,CAPACITACION,Marzo,3,0
gasto,GASTOS DE ADMINISTRACION,GASTOS GENERALES,601-046,CAPACITACION,Abril,4,0
gasto,GASTOS DE ADMINISTRACION,GASTOS GENERALES,601-046,CAPACITACION,Mayo,5,0
gasto,GASTOS DE ADMINISTRACION,GASTOS GENERALES,601-046,CAPACITACION,Junio,6,0
gasto,GASTOS DE ADMINISTRACION,GASTOS GENERALES,601-046,CAPACITACION,Julio,7,0
gasto,GASTOS DE ADMINISTRACION,GASTOS GENERALES,601-046,CAPACITACION,Agosto,8,0
gasto,GASTOS DE ADMINISTRACION,GASTOS GENERALES,601-046,CAPACITACION,Septiembre,9,0
gasto,GASTOS DE ADMINISTRACION,GASTOS GENERALES,601-046,CAPACITACION,Octubre,10,0
gasto,GASTOS DE ADMINISTRACION,GASTOS GENERALES,601-046,CAPACITACION,Noviembre,11,0
gasto,GASTOS DE ADMINISTRACION,GASTOS GENERALES,601-046,CAPACITACION,Diciembre,12,0
gasto,GASTOS DE ADMINISTRACION,GASTOS GENERALES,601-047,SEG VIGILA,Enero,1,0
gasto,GASTOS DE ADMINISTRACION,GASTOS GENERALES,601-047,SEG VIGILA,Febrero,2,0
gasto,GASTOS DE ADMINISTRACION,GASTOS GENERALES,601-047,SEG VIGILA,Marzo,3,0
gasto,GASTOS DE ADMINISTRACION,GASTOS GENERALES,601-047,SEG VIGILA,Abril,4,0
gasto,GASTOS DE ADMINISTRACION,GASTOS GENERALES,601-047,SEG VIGILA,Mayo,5,0
gasto,GASTOS DE ADMINISTRACION,GASTOS GENERALES,601-047,SEG VIGILA,Junio,6,0
gasto,GASTOS DE ADMINISTRACION,GASTOS GENERALES,601-047,SEG VIGILA,Julio,7,0
gasto,GASTOS DE ADMINISTRACION,GASTOS GENERALES,601-047,SEG VIGILA,Agosto,8,0
gasto,GASTOS DE ADMINISTRACION,GASTOS GENERALES,601-047,SEG VIGILA,Septiembre,9,0
gasto,GASTOS DE ADMINISTRACION,GASTOS GENERALES,601-047,SEG VIGILA,Octubre,10,0
gasto,GASTOS DE ADMINISTRACION,GASTOS GENERALES,601-047,SEG VIGILA,Noviembre,11,0
gasto,GASTOS DE ADMINISTRACION,GASTOS GENERALES,601-047,SEG VIGILA,Diciembre,12,0
gasto,GASTOS DE ADMINISTRACION,GASTOS GENERALES,607-001,GASTOS VARIOS,Enero,1,1632
gasto,GASTOS DE ADMINISTRACION,GASTOS GENERALES,607-001,GASTOS VARIOS,Febrero,2,0
gasto,GASTOS DE ADMINISTRACION,GASTOS GENERALES,607-001,GASTOS VARIOS,Marzo,3,808
gasto,GASTOS DE ADMINISTRACION,GASTOS GENERALES,607-001,GASTOS VARIOS,Abril,4,804
gasto,GASTOS DE ADMINISTRACION,GASTOS GENERALES,607-001,GASTOS VARIOS,Mayo,5,0
gasto,GASTOS DE ADMINISTRACION,GASTOS GENERALES,607-001,GASTOS VARIOS,Junio,6,704
gasto,GASTOS DE ADMINISTRACION,GASTOS GENERALES,607-001,GASTOS VARIOS,Julio,7,1375
gasto,GASTOS DE ADMINISTRACION,GASTOS GENERALES,607-001,GASTOS VARIOS,Agosto,8,0
gasto,GASTOS DE ADMINISTRACION,GASTOS GENERALES,607-001,GASTOS VARIOS,Septiembre,9,304
gasto,GASTOS DE ADMINISTRACION,GASTOS GENERALES,607-001,GASTOS VARIOS,Octubre,10,0
gasto,GASTOS DE ADMINISTRACION,GASTOS GENERALES,607-001,GASTOS VARIOS,Noviembre,11,7761
gasto,GASTOS DE ADMINISTRACION,GASTOS GENERALES,607-001,GASTOS VARIOS,Diciembre,12,4861
gasto,GASTOS DE ADMINISTRACION,GASTOS GENERALES,607-002,CAJACHICA,Enero,1,1000
gasto,GASTOS DE ADMINISTRACION,GASTOS GENERALES,607-002,CAJACHICA,Febrero,2,0
gasto,GASTOS DE ADMINISTRACION,GASTOS GENERALES,607-002,CAJACHICA,Marzo,3,1500
gasto,GASTOS DE ADMINISTRACION,GASTOS GENERALES,607-002,CAJACHICA,Abril,4,0
gasto,GASTOS DE ADMINISTRACION,GASTOS GENERALES,607-002,CAJACHICA,Mayo,5,10000
gasto,GASTOS DE ADMINISTRACION,GASTOS GENERALES,607-002,CAJACHICA,Junio,6,1600
gasto,GASTOS DE ADMINISTRACION,GASTOS GENERALES,607-002,CAJACHICA,Julio,7,0
gasto,GASTOS DE ADMINISTRACION,GASTOS GENERALES,607-002,CAJACHICA,Agosto,8,2473
gasto,GASTOS DE ADMINISTRACION,GASTOS GENERALES,607-002,CAJACHICA,Septiembre,9,0
gasto,GASTOS DE ADMINISTRACION,GASTOS GENERALES,607-002,CAJACHICA,Octubre,10,3000
gasto,GASTOS DE ADMINISTRACION,GASTOS GENERALES,607-002,CAJACHICA,Noviembre,11,2668
gasto,GASTOS DE ADMINISTRACION,GASTOS GENERALES,607-002,CAJACHICA,Diciembre,12,0
gasto,GASTOS DE ADMINISTRACION,GASTOS POR VIATICOS,603-001,HOSPEDAJE,Enero,1,0
gasto,GASTOS DE ADMINISTRACION,GASTOS POR VIATICOS,603-001,HOSPEDAJE,Febrero,2,0
gasto,GASTOS DE ADMINISTRACION,GASTOS POR VIATICOS,603-001,HOSPEDAJE,Marzo,3,0
gasto,GASTOS DE ADMINISTRACION,GASTOS POR VIATICOS,603-001,HOSPEDAJE,Abril,4,0
gasto,GASTOS DE ADMINISTRACION,GASTOS POR VIATICOS,603-001,HOSPEDAJE,Mayo,5,0
gasto,GASTOS DE ADMINISTRACION,GASTOS POR VIATICOS,603-001,HOSPEDAJE,Junio,6,0
gasto,GASTOS DE ADMINISTRACION,GASTOS POR VIATICOS,603-001,HOSPEDAJE,Julio,7,0
gasto,GASTOS DE ADMINISTRACION,GASTOS POR VIATICOS,603-001,HOSPEDAJE,Agosto,8,0
gasto,GASTOS DE ADMINISTRACION,GASTOS POR VIATICOS,603-001,HOSPEDAJE,Septiembre,9,0
gasto,GASTOS DE ADMINISTRACION,GASTOS POR VIATICOS,603-001,HOSPEDAJE,Octubre,10,2094
gasto,GASTOS DE ADMINISTRACION,GASTOS POR VIATICOS,603-001,HOSPEDAJE,Noviembre,11,0
gasto,GASTOS DE ADMINISTRACION,GASTOS POR VIATICOS,603-001,HOSPEDAJE,Diciembre,12,0
gasto,GASTOS DE ADMINISTRACION,GASTOS POR VIATICOS,603-002,ALIMENTOS,Enero,1,0
gasto,GASTOS DE ADMINISTRACION,GASTOS POR VIATICOS,603-002,ALIMENTOS,Febrero,2,0
gasto,GASTOS DE ADMINISTRACION,GASTOS POR VIATICOS,603-002,ALIMENTOS,Marzo,3,0
gasto,GASTOS DE ADMINISTRACION,GASTOS POR VIATICOS,603-002,ALIMENTOS,Abril,4,1963
gasto,GASTOS DE ADMINISTRACION,GASTOS POR VIATICOS,603-002,ALIMENTOS,Mayo,5,0
gasto,GASTOS DE ADMINISTRACION,GASTOS POR VIATICOS,603-002,ALIMENTOS,Junio,6,1280
gasto,GASTOS DE ADMINISTRACION,GASTOS POR VIATICOS,603-002,ALIMENTOS,Julio,7,0
gasto,GASTOS DE ADMINISTRACION,GASTOS POR VIATICOS,603-002,ALIMENTOS,Agosto,8,1187
gasto,GASTOS DE ADMINISTRACION,GASTOS POR VIATICOS,603-002,ALIMENTOS,Septiembre,9,1422
gasto,GASTOS DE ADMINISTRACION,GASTOS POR VIATICOS,603-002,ALIMENTOS,Octubre,10,0
gasto,GASTOS DE ADMINISTRACION,GASTOS POR VIATICOS,603-002,ALIMENTOS,Noviembre,11,0
gasto,GASTOS DE ADMINISTRACION,GASTOS POR VIATICOS,603-002,ALIMENTOS,Diciembre,12,565
gasto,GASTOS DE ADMINISTRACION,GASTOS POR VIATICOS,603-003,TRANSPORTE,Enero,1,910
gasto,GASTOS DE ADMINISTRACION,GASTOS POR VIATICOS,603-003,TRANSPORTE,Febrero,2,0
gasto,GASTOS DE ADMINISTRACION,GASTOS POR VIATICOS,603-003,TRANSPORTE,Marzo,3,0
gasto,GASTOS DE ADMINISTRACION,GASTOS POR VIATICOS,603-003,TRANSPORTE,Abril,4,0
gasto,GASTOS DE ADMINISTRACION,GASTOS POR VIATICOS,603-003,TRANSPORTE,Mayo,5,0
gasto,GASTOS DE ADMINISTRACION,GASTOS POR VIATICOS,603-003,TRANSPORTE,Junio,6,0
gasto,GASTOS DE ADMINISTRACION,GASTOS POR VIATICOS,603-003,TRANSPORTE,Julio,7,0
gasto,GASTOS DE ADMINISTRACION,GASTOS POR VIATICOS,603-003,TRANSPORTE,Agosto,8,0
gasto,GASTOS DE ADMINISTRACION,GASTOS POR VIATICOS,603-003,TRANSPORTE,Septiembre,9,0
gasto,GASTOS DE ADMINISTRACION,GASTOS POR VIATICOS,603-003,TRANSPORTE,Octubre,10,710
gasto,GASTOS DE ADMINISTRACION,GASTOS POR VIATICOS,603-003,TRANSPORTE,Noviembre,11,0
gasto,GASTOS DE ADMINISTRACION,GASTOS POR VIATICOS,603-003,TRANSPORTE,Diciembre,12,0
gasto,GASTOS DE ADMINISTRACION,GASTOS POR VIATICOS,603-004,CARRETERAS,Enero,1,0
gasto,GASTOS DE ADMINISTRACION,GASTOS POR VIATICOS,603-004,CARRETERAS,Febrero,2,0
gasto,GASTOS DE ADMINISTRACION,GASTOS POR VIATICOS,603-004,CARRETERAS,Marzo,3,0
gasto,GASTOS DE ADMINISTRACION,GASTOS POR VIATICOS,603-004,CARRETERAS,Abril,4,0
gasto,GASTOS DE ADMINISTRACION,GASTOS POR VIATICOS,603-004,CARRETERAS,Mayo,5,1211
gasto,GASTOS DE ADMINISTRACION,GASTOS POR VIATICOS,603-004,CARRETERAS,Junio,6,1378
gasto,GASTOS DE ADMINISTRACION,GASTOS POR VIATICOS,603-004,CARRETERAS,Julio,7,2725
gasto,GASTOS DE ADMINISTRACION,GASTOS POR VIATICOS,603-004,CARRETERAS,Agosto,8,0
gasto,GASTOS DE ADMINISTRACION,GASTOS POR VIATICOS,603-004,CARRETERAS,Septiembre,9,0
gasto,GASTOS DE ADMINISTRACION,GASTOS POR VIATICOS,603-004,CARRETERAS,Octubre,10,3033
gasto,GASTOS DE ADMINISTRACION,GASTOS POR VIATICOS,603-004,CARRETERAS,Noviembre,11,0
gasto,GASTOS DE ADMINISTRACION,GASTOS POR VIATICOS,603-004,CARRETERAS,Diciembre,12,0
gasto,GASTOS FINANCIEROS,,605-001,COMISIONES,Enero,1,464
gasto,GASTOS FINANCIEROS,,605-001,COMISIONES,Febrero,2,403
gasto,GASTOS FINANCIEROS,,605-001,COMISIONES,Marzo,3,731
gasto,GASTOS FINANCIEROS,,605-001,COMISIONES,Abril,4,490
gasto,GASTOS FINANCIEROS,,605-001,COMISIONES,Mayo,5,4387
gasto,GASTOS FINANCIEROS,,605-001,COMISIONES,Junio,6,595
gasto,GASTOS FINANCIEROS,,605-001,COMISIONES,Julio,7,28580
gasto,GASTOS FINANCIEROS,,605-001,COMISIONES,Agosto,8,2814
gasto,GASTOS FINANCIEROS,,605-001,COMISIONES,Septiembre,9,468
gasto,GASTOS FINANCIEROS,,605-001,COMISIONES,Octubre,10,296
gasto,GASTOS FINANCIEROS,,605-001,COMISIONES,Noviembre,11,521
gasto,GASTOS FINANCIEROS,,605-001,COMISIONES,Diciembre,12,448
gasto,GASTOS FINANCIEROS,,605-006,CREDITOS,Enero,1,56286
gasto,GASTOS FINANCIEROS,,605-006,CREDITOS,Febrero,2,49541
gasto,GASTOS FINANCIEROS,,605-006,CREDITOS,Marzo,3,83855
gasto,GASTOS FINANCIEROS,,605-006,CREDITOS,Abril,4,106951
gasto,GASTOS FINANCIEROS,,605-006,CREDITOS,Mayo,5,42012
gasto,GASTOS FINANCIEROS,,605-006,CREDITOS,Junio,6,42183
gasto,GASTOS FINANCIEROS,,605-006,CREDITOS,Julio,7,41330
gasto,GASTOS FINANCIEROS,,605-006,CREDITOS,Agosto,8,46995
gasto,GASTOS FINANCIEROS,,605-006,CREDITOS,Septiembre,9,46772
financiamiento,GASTOS FINANCIEROS,,605-006,CREDITOS,Octubre,10,-395680
gasto,GASTOS FINANCIEROS,,605-006,CREDITOS,Noviembre,11,4360
gasto,GASTOS FINANCIEROS,,605-006,CREDITOS,Diciembre,12,47281
gasto,GASTOS FINANCIEROS,,605-004,INTERESES,Enero,1,5838
gasto,GASTOS FINANCIEROS,,605-004,INTERESES,Febrero,2,7318
gasto,GASTOS FINANCIEROS,,605-004,INTERESES,Marzo,3,14407
gasto,GASTOS FINANCIEROS,,605-004,INTERESES,Abril,4,0
gasto,GASTOS FINANCIEROS,,605-004,INTERESES,Mayo,5,7767
gasto,GASTOS FINANCIEROS,,605-004,INTERESES,Junio,6,21285
gasto,GASTOS FINANCIEROS,,605-004,INTERESES,Julio,7,0
gasto,GASTOS FINANCIEROS,,605-004,INTERESES,Agosto,8,0
gasto,GASTOS FINANCIEROS,,605-004,INTERESES,Septiembre,9,7571
gasto,GASTOS FINANCIEROS,,605-004,INTERESES,Octubre,10,7650
gasto,GASTOS FINANCIEROS,,605-004,INTERESES,Noviembre,11,6556
gasto,GASTOS FINANCIEROS,,605-004,INTERESES,Diciembre,12,-13513
gasto,GASTOS FINANCIEROS,,608-000,CAPITAL,Enero,1,0
gasto,GASTOS FINANCIEROS,,608-000,CAPITAL,Febrero,2,0
gasto,GASTOS FINANCIEROS,,608-000,CAPITAL,Marzo,3,3500
gasto,GASTOS FINANCIEROS,,608-000,CAPITAL,Abril,4,15000
gasto,GASTOS FINANCIEROS,,608-000,CAPITAL,Mayo,5,-47000
gasto,GASTOS FINANCIEROS,,608-000,CAPITAL,Junio,6,-68000
gasto,GASTOS FINANCIEROS,,608-000,CAPITAL,Julio,7,0
gasto,GASTOS FINANCIEROS,,608-000,CAPITAL,Agosto,8,-40000
gasto,GASTOS FINANCIEROS,,608-000,CAPITAL,Septiembre,9,0
gasto,GASTOS FINANCIEROS,,608-000,CAPITAL,Octubre,10,10000
gasto,GASTOS FINANCIEROS,,608-000,CAPITAL,Noviembre,11,15000
gasto,GASTOS FINANCIEROS,,608-000,CAPITAL,Diciembre,12,3000
gasto,GASTOS FINANCIEROS,,608-010,INVERSIONES,Enero,1,6000
gasto,GASTOS FINANCIEROS,,608-010,INVERSIONES,Febrero,2,8000
gasto,GASTOS FINANCIEROS,,608-010,INVERSIONES,Marzo,3,10000
gasto,GASTOS FINANCIEROS,,608-010,INVERSIONES,Abril,4,-11583
gasto,GASTOS FINANCIEROS,,608-010,INVERSIONES,Mayo,5,-6590
gasto,GASTOS FINANCIEROS,,608-010,INVERSIONES,Junio,6,12000
gasto,GASTOS FINANCIEROS,,608-010,INVERSIONES,Julio,7,18000
gasto,GASTOS FINANCIEROS,,608-010,INVERSIONES,Agosto,8,18744
gasto,GASTOS FINANCIEROS,,608-010,INVERSIONES,Septiembre,9,3000
gasto,GASTOS FINANCIEROS,,608-010,INVERSIONES,Octubre,10,0
gasto,GASTOS FINANCIEROS,,608-010,INVERSIONES,Noviembre,11,4000
gasto,GASTOS FINANCIEROS,,608-010,INVERSIONES,Diciembre,12,4000
gasto,GASTOS FINANCIEROS,,608-020,RENTAS,Enero,1,0
gasto,GASTOS FINANCIEROS,,608-020,RENTAS,Febrero,2,0
gasto,GASTOS FINANCIEROS,,608-020,RENTAS,Marzo,3,0
gasto,GASTOS FINANCIEROS,,608-020,RENTAS,Abril,4,0
gasto,GASTOS FINANCIEROS,,608-020,RENTAS,Mayo,5,0
gasto,GASTOS FINANCIEROS,,608-020,RENTAS,Junio,6,0
gasto,GASTOS FINANCIEROS,,608-020,RENTAS,Julio,7,0
gasto,GASTOS FINANCIEROS,,608-020,RENTAS,Agosto,8,0
gasto,GASTOS FINANCIEROS,,608-020,RENTAS,Septiembre,9,0
gasto,GASTOS FINANCIEROS,,608-020,RENTAS,Octubre,10,0
gasto,GASTOS FINANCIEROS,,608-020,RENTAS,Noviembre,11,0
gasto,GASTOS FINANCIEROS,,608-020,RENTAS,Diciembre,12,0
costo,MATERIA PRIMA,,800-000,MATERIA PRIMA,Enero,1,284931
costo,MATERIA PRIMA,,800-000,MATERIA PRIMA,Febrero,2,123546
costo,MATERIA PRIMA,,800-000,MATERIA PRIMA,Marzo,3,416678
costo,MATERIA PRIMA,,800-000,MATERIA PRIMA,Abril,4,164318
costo,MATERIA PRIMA,,800-000,MATERIA PRIMA,Mayo,5,599209
costo,MATERIA PRIMA,,800-000,MATERIA PRIMA,Junio,6,339259
costo,MATERIA PRIMA,,800-000,MATERIA PRIMA,Julio,7,446319
costo,MATERIA PRIMA,,800-000,MATERIA PRIMA,Agosto,8,468798
costo,MATERIA PRIMA,,800-000,MATERIA PRIMA,Septiembre,9,206246
costo,MATERIA PRIMA,,800-000,MATERIA PRIMA,Octubre,10,489009
costo,MATERIA PRIMA,,800-000,MATERIA PRIMA,Noviembre,11,301462
costo,MATERIA PRIMA,,800-000,MATERIA PRIMA,Diciembre,12,319979
venta,VENTAS,,700-000,VENTAS,Enero,1,784902.18
venta,VENTAS,,700-000,VENTAS,Febrero,2,508317.96
venta,VENTAS,,700-000,VENTAS,Marzo,3,841970.59
venta,VENTAS,,700-000,VENTAS,Abril,4,664291.42
venta,VENTAS,,700-000,VENTAS,Mayo,5,1112063.75
venta,VENTAS,,700-000,VENTAS,Junio,6,947547.64
venta,VENTAS,,700-000,VENTAS,Julio,7,848192.65
venta,VENTAS,,700-000,VENTAS,Agosto,8,999731.56
venta,VENTAS,,700-000,VENTAS,Septiembre,9,655978.62
venta,VENTAS,,700-000,VENTAS,Octubre,10,974124.38
venta,VENTAS,,700-000,VENTAS,Noviembre,11,839684.23
venta,VENTAS,,700-000,VENTAS,Diciembre,12,854557.77
